{
  "target_node": "SL_RNA",
  "original": {
    "eigenvalues": [
      0.0,
      0.838032,
      1.083234,
      1.136499,
      1.39316,
      1.452552,
      2.18079,
      2.33537,
      2.68609,
      3.095731,
      3.368571,
      3.709814,
      4.361896,
      4.51586,
      5.548908,
      6.573981,
      9.919512
    ],
    "eigenvalues_normalized": [
      0.0,
      0.369699,
      0.384893,
      0.526699,
      0.740797,
      0.781699,
      0.820933,
      0.991557,
      1.046242,
      1.171535,
      1.222484,
      1.324164,
      1.373806,
      1.450719,
      1.470145,
      1.610467,
      1.71416
    ],
    "lambda2": 0.838032,
    "lambda_n": 9.919512,
    "spectral_gap_ratio": 0.915517,
    "n_components": 1
  },
  "after_removal": {
    "eigenvalues": [
      0.0,
      0.313808,
      0.381065,
      0.674733,
      0.845539,
      1.210877,
      1.696338,
      1.947732,
      2.228676,
      2.620701,
      2.996469,
      3.163379,
      3.811596,
      3.952188,
      4.636658,
      5.72024
    ],
    "eigenvalues_normalized": [
      0.0,
      0.21855,
      0.356342,
      0.452678,
      0.65926,
      0.723192,
      0.873074,
      1.023241,
      1.146218,
      1.216985,
      1.31645,
      1.400034,
      1.496624,
      1.57127,
      1.743913,
      1.80217
    ],
    "lambda2": 0.313808,
    "lambda_n": 5.72024,
    "spectral_gap_ratio": 0.945141,
    "n_components": 1
  },
  "gap_reduction": -0.029624,
  "gap_reduction_pct": -3.24
}